id;oauth_id;name;password;email;type;school;promotion;speciality;secret;website;affiliation;country;bracket;hidden;banned;verified;created
1;;Charles;$bcrypt-sha256$2b,12$0Y3536ySDXWdsor2xdJR1.$Fjg0wYGwRWIAIFICAKaM3S5XDvP6BCe;ethomas@chang.com;user;HEI;63;Médicale et Santé;;;;;;0;0;1;2021-01-14 15:26:30.862134
2;;Theresa;$bcrypt-sha256$2b,12$KBiTFyJMM6IoyBNYaiTELe$2RTqnz6jr6VulhH6eO8UcU3x2dERBV2;harveytimothy@hotmail.com;user;HEI;66;Entrepreneuriat;;;;;;0;0;1;2021-01-14 15:26:31.367325
3;924;Stacy;$bcrypt-sha256$2b,12$2SOjmuQZodO4G2aCkhZZ3e$MxAVfNnoMTxsI2h14WvZG9MErF35HVq;barrettanne@cruz-george.info;user;HEI;65;Conception Mécanique;;;Politics Squad;;;0;0;1;2021-01-14 15:26:31.813788
4;790;Carrie;$bcrypt-sha256$2b,12$VTMGz4c0FAYVZS6OsNV1de$fIDnFWxcHyh1/3NSoNOWXBvceg83Q8q;lindawilliams@gmail.com;user;ISEN;65;Big Data;;;Mother Team;;;0;0;1;2021-01-14 15:26:32.327510
5;;Anna;$bcrypt-sha256$2b,12$06.U3jbY5RQAK18CuU3jy.$V8bhrIDvwj4elMXnweAGUCJBdEuGPL.;ndavis@yahoo.com;user;ISA;65;Environnement;;;Here Team;;;0;0;1;2021-01-14 15:26:32.829726
6;;Dawn;$bcrypt-sha256$2b,12$oSAbJBmlSqaY2CW1PNvGI.$7B5XOtuj7XvUE09U79naxjGVsEL31LS;george22@hotmail.com;user;HEI;65;TP;;;;;;0;0;1;2021-01-14 15:26:33.325037
7;;Scott;$bcrypt-sha256$2b,12$OkcXRupAHAbEcSB0yHm1Uu$XE/L1vYaxx9DqsuZKL78bTCm2vEteBC;iedwards@moore.org;user;ISA;65;Agroéconomie;;;Treatment Corp;;;0;0;1;2021-01-14 15:26:33.801145
8;;Meagan;$bcrypt-sha256$2b,12$ZNCUOUGGirAtFP5cb2sqcO$4BBlavwxsCVTggk6OkZUVPUOUf606V.;yharmon@bates.com;user;ISA;66;Entrepreneuriat;;;;;;0;0;1;2021-01-14 15:26:34.305454
9;;Jeffery;$bcrypt-sha256$2b,12$eaMgvWkUPPnU3uddl4MmRe$oGPFHpiaPbVGxJxJnWra5bADVP/eOR.;ivan48@fowler-davis.com;user;ISA;63;Agroalimentaire;;;All Squad;;;0;0;1;2021-01-14 15:26:34.798767
10;;Antonio;$bcrypt-sha256$2b,12$xnVJ6/BnpkjMPip/20nb2u$bmfelCphboByKQ4qErKWWqpRaBl9IsC;suzanneday@tucker.com;user;ISA;65;Agriculture;;;Though Squad;;;0;0;1;2021-01-14 15:26:35.274007
11;639;Cheryl;$bcrypt-sha256$2b,12$GXcXisKMhyQIjN3zjk293e$C/ti.ShnfobRj1n6naS2CNHcnCdWq.O;darlene53@phillips-morrow.com;user;HEI;66;Architecture;;;Media Squad;;;0;0;1;2021-01-14 15:26:35.725699
12;;Jody;$bcrypt-sha256$2b,12$nZynHdxAxbLhZpVT89y4j.$VBr6Y20oi4Ie.2vvXu.ahs6fvK1hrCW;patricksoto@hotmail.com;user;ISEN;64;Electronique Embarqué;;;;;;0;0;1;2021-01-14 15:26:36.166754
13;761;Richard;$bcrypt-sha256$2b,12$w61q32uWn/pemY9xsSt5JO$MQt/jseZTQDmO6WTMcFwOt9r2T07oEK;brandonhall@martin.info;user;ISA;64;Agriculture;;;Audience Corp;;;0;0;1;2021-01-14 15:26:36.631513
14;;Tiffany;$bcrypt-sha256$2b,12$ZSkP9.CcPIGdM4Gkp82sZe$kUkHUGhcV7Q7ubmt1dpYUy0ymP8c/Dm;kflores@sullivan.org;user;ISA;65;Agroalimentaire;;;;;;0;0;1;2021-01-14 15:26:37.088608
15;;Jessica;$bcrypt-sha256$2b,12$0lNsiv0DBCiwwrfpnBwv6e$IhYkeyCSgHvYMj3yCDqnoA233PbAHVe;ann16@yahoo.com;user;ISA;65;Agroalimentaire;;;;;;0;0;1;2021-01-14 15:26:37.520509
16;416;Megan;$bcrypt-sha256$2b,12$AVV8XjiycBiIiikJU1LnI.$ylFg46rzfrNly8LbkT2pzNB9/NKHYG.;cmcdonald@wood-reyes.biz;user;ISEN;63;Objets Connectés;;;Market Team;;;0;0;1;2021-01-14 15:26:37.973441
17;;Thomas;$bcrypt-sha256$2b,12$PkGJyTCuR6.Pf3g6wOTXf.$fgu/OhCNUM0FHk4e3SsAGxWP3V9VQYm;mannchristine@gmail.com;user;HEI;65;Médicale et Santé;;;;;;0;0;1;2021-01-14 15:26:38.438433
18;;Michael;$bcrypt-sha256$2b,12$prTW/eOYOehcq.0mL4DCgu$Jv4RNar0cJo9O.gz8SISUF/4sI3OPLa;greenbrandi@gmail.com;user;ISA;62;Entrepreneuriat;;;;;;0;0;1;2021-01-14 15:26:38.891264
19;911;Jeremy;$bcrypt-sha256$2b,12$wfcRyAoe4w66x7EJ.tOEdu$Uc9t9ZQtsiOlEEpv5ywMS0kMxpTQKfK;iwalsh@snow-hartman.net;user;ISA;64;Environnement;;;West Corp;;;0;0;1;2021-01-14 15:26:39.325391
20;415;Kimberly;$bcrypt-sha256$2b,12$aaqe3.EAMWlglr/2xATwQO$SJM0JmNYst4JP9MRv3jaL9pZNyJQwh.;gabriel88@murphy.com;user;ISA;63;Agroalimentaire;;;;;;0;0;1;2021-01-14 15:26:39.775099
21;580;Anthony;$bcrypt-sha256$2b,12$BKfaNXJyUQc/U.6lbf2Ahu$P0KnPbijkkomilv/kIf1tyZUzFoGMyG;vschaefer@gmail.com;user;HEI;63;Management d'entreprise;;;Visit Team;;;0;0;1;2021-01-14 15:26:40.209442
22;776;Ashley;$bcrypt-sha256$2b,12$TRwoTC6/mSncIhkM4aTZ1O$xk.I1EOM04XVOTRHjMIKbw.iJWFCwAm;kfox@williams-mcneil.com;user;HEI;65;TP;;;;;;0;0;1;2021-01-14 15:26:40.670546
23;597;Amanda;$bcrypt-sha256$2b,12$Rvi1Nk2kbOiXiac03FYyWO$4SwMO3QsQBPMXWhXwVPF2PjF2A4SgVW;kschaefer@morgan.biz;user;ISEN;63;Robotique mobile;;;;;;0;0;1;2021-01-14 15:26:41.121296
24;352;Nathaniel;$bcrypt-sha256$2b,12$sv2eYZ8QFIcdeXqkv2Oeme$HGuWrE4VSAYzYyICn22Ugi5psjvI6iO;jessica40@morgan-thompson.com;user;ISEN;63;Finance;;;;;;0;0;1;2021-01-14 15:26:41.658330
25;576;Holly;$bcrypt-sha256$2b,12$L1yIEK4l6GwKmGOwfeSJle$aZUXJBFu8TCAhO9Zpn1wywP.mRUQGAW;sparksryan@wright.com;user;ISEN;65;Big Data;;;;;;0;0;1;2021-01-14 15:26:42.085551
26;355;Erica;$bcrypt-sha256$2b,12$3CCIXMc9I1B.r0F1cnlvk.$ooOZJcAfsDzfoP73HKH.1f2DQMU9T1q;michelledaniels@douglas.com;user;HEI;66;TP;;;;;;0;0;1;2021-01-14 15:26:42.554572
27;564;Joseph;$bcrypt-sha256$2b,12$dbfTdpRhXQ6Pt525j9.xce$94c3pXyLcTlEGMkMJy.ZClyqPVZ9zx6;mary38@williamson.com;user;ISEN;63;Robotique mobile;;;Space Team;;;0;0;1;2021-01-14 15:26:42.980838
28;;Erin;$bcrypt-sha256$2b,12$9YrXgeL4TZP91nqekBUdqO$VdxnM3LPbpnJWN4t7BGtuNGe3LXFLNW;ronald08@mccann-travis.com;user;ISEN;62;Finance;;;Side Team;;;0;0;1;2021-01-14 15:26:43.404903
29;657;Steven;$bcrypt-sha256$2b,12$XC7MZHfM4qbB8yckJMqx8.$09107KhJtxwYYALDLU3.YCIIchRljkO;douglasoconnor@rodgers.org;user;HEI;64;Innovation et Management textile;;;Night Corp;;;0;0;1;2021-01-14 15:26:43.859584
30;;James;$bcrypt-sha256$2b,12$kDyt7237y66N.qdjcXJou.$Bsl58a.9/7T77pj.Y8ykV5yYfTm/TGa;diane78@johnson.com;user;ISEN;62;Ingénierie d'affaires;;;Difference Squad;;;0;0;1;2021-01-14 15:26:44.316275
31;365;Stephanie;$bcrypt-sha256$2b,12$d9GwZMIssnWUcGaOWxetl.$xn37xc1NJDH20MgkqmoN8PqEY.G5VBW;carpenterkim@yahoo.com;user;ISA;66;Entrepreneuriat;;;Beyond Team;;;0;0;1;2021-01-14 15:26:44.754908
32;;Heather;$bcrypt-sha256$2b,12$H0DJhX.uaXOC2Mv3qUC6Je$4ig.rQfzAFeVQwdLYqyolUQHG4JZU1i;xsmith@hotmail.com;user;ISEN;62;Ingénierie d'affaires;;;Person Corp;;;0;0;1;2021-01-14 15:26:45.229866
33;511;Rebecca;$bcrypt-sha256$2b,12$abuF6L632w60jJtwrjW8Zu$QlxXNbJIRICVB8WCqGG5kmMd6eeXere;tgomez@hotmail.com;user;HEI;62;Conception Mécanique;;;Serve Squad;;;0;0;1;2021-01-14 15:26:45.683713
34;261;Michele;$bcrypt-sha256$2b,12$xoaxjxUorhty45JCCVipPe$pYqIPG6HqFhF/q8.HTiRMG4hzPzNCmy;norma78@hotmail.com;user;HEI;62;Mécatronique et robotique;;;;;;0;0;1;2021-01-14 15:26:46.152737
35;;Donna;$bcrypt-sha256$2b,12$gYOi4yupPfB1TmvHHxo5BO$WgNJni72Or7Yz5TVBOnXQTRbLMw/gGe;jennifer98@gmail.com;user;ISA;63;Entrepreneuriat;;;Economic Corp;;;0;0;1;2021-01-14 15:26:46.641842
36;709;Kathryn;$bcrypt-sha256$2b,12$CmmWgyXrVNo.1J2VjLYKq.$gJah6NVwl5whGIUEdeoJjRk0Dd56DtO;kennedymariah@weaver.com;user;HEI;65;Médicale et Santé;;;Early Squad;;;0;0;1;2021-01-14 15:26:47.124127
37;105;Carly;$bcrypt-sha256$2b,12$Os6LmijHilB.LbcHqdlY0u$MQbC5FeqjLxt3zhTt6tNx.nz3YBrBLa;ydunn@dennis-boyd.info;user;ISA;62;Agroéconomie;;;;;;0;0;1;2021-01-14 15:26:47.570989
38;;Danielle;$bcrypt-sha256$2b,12$nNysnopoE2Y2jleo5lb/Uu$u3NPTKSV4hEcrjUdNudGsCnoSX0D/R6;brockmark@gmail.com;user;ISA;64;Entrepreneuriat;;;;;;0;0;1;2021-01-14 15:26:48.018417
39;;Pamela;$bcrypt-sha256$2b,12$ALX.XmikwPzRQ6DbDKPXau$KUUkjgycHv03U0DiI0AbpGwrx.9MKKS;lisa84@yahoo.com;user;ISA;62;Agroalimentaire;;;;;;0;0;1;2021-01-14 15:26:48.485276
40;877;Eric;$bcrypt-sha256$2b,12$xzPNp340leiR0oFIMYb02u$JQOJ7D/7H2fgSM1ttNvx96Jm7xmmN.O;eric86@gmail.com;user;HEI;66;Mécatronique et robotique;;;;;;0;0;1;2021-01-14 15:26:48.989509
41;831;Allison;$bcrypt-sha256$2b,12$l3RxdvDBsnzJQE6Khfok5e$ZWVQpUmVXNiOrjPovsdshCWF3KuZFcW;kylesmith@gmail.com;user;ISA;62;Agroéconomie;;;Each Corp;;;0;0;1;2021-01-14 15:26:49.432405
42;;Robert;$bcrypt-sha256$2b,12$Yq/O1RixuDU6GPymI/bj1e$MYgrGEMLXDvefMtZJJPzrCeBRMIUA/2;victor48@hotmail.com;user;ISA;64;Environnement;;;Rock Corp;;;0;0;1;2021-01-14 15:26:49.869056
43;;Jermaine;$bcrypt-sha256$2b,12$/ptMKpkiJ5aTmuzpnrOO9u$LluE7Rk5FnIEdKeqY91MsqN1rB7SZra;lburch@schwartz.biz;user;ISEN;64;Cybersécurité;;;Democrat Inc.;;;0;0;1;2021-01-14 15:26:50.345091
44;342;Ricky;$bcrypt-sha256$2b,12$SJ9Tc/ps0qGbzFcXVAgCzO$AtnMpNFNheBuVe/hAO.UtoEYQ0VBhky;paulacarlson@shaw-robinson.biz;user;HEI;63;Informatique;;;Good Squad;;;0;0;1;2021-01-14 15:26:50.830927
45;;Sarah;$bcrypt-sha256$2b,12$TStX0a3gAdwptfE0LRn9Gu$lro2Ev2f3e9zEmeGPya5bG34vqdTxTW;ilewis@hotmail.com;user;HEI;65;Energies;;;;;;0;0;1;2021-01-14 15:26:51.302720
46;;Kelly;$bcrypt-sha256$2b,12$V7tg9R4Jz8QrCdMWjPTok.$NwcvOEkCQggSeXCmiC7kSTZobirmy0m;gonzalezjames@gmail.com;user;HEI;65;Management d'entreprise;;;Exactly Team;;;0;0;1;2021-01-14 15:26:51.738086
47;797;William;$bcrypt-sha256$2b,12$Sn2I8EcP4J5cp1krzpC2c.$vQTIBZGm1W2UW2Ya4j1wckTk7jVqN4u;elizabeth82@hotmail.com;user;HEI;64;TP;;;Discussion Inc.;;;0;0;1;2021-01-14 15:26:52.202081
48;;Gregory;$bcrypt-sha256$2b,12$pLmARGd4qJk4i0PgKiI1we$5RmcqupP48S9GZ215G0cpS5GZrS92n6;nburns@yahoo.com;user;ISEN;65;Big Data;;;Ten Squad;;;0;0;1;2021-01-14 15:26:52.646168
49;;Benjamin;$bcrypt-sha256$2b,12$Tq/DbJw47qyVFywcd54gT.$iORTkv4TMOncdgSOk8xCcDFaXOvch9a;heather36@yahoo.com;user;HEI;64;Energies;;;;;;0;0;1;2021-01-14 15:26:53.080198
50;;Sheila;$bcrypt-sha256$2b,12$M3yFpDzBUYkWmxUPRe.QT.$/xvHcOZbkYELdooybTaTWDkfpL79gC2;nmorgan@hotmail.com;user;ISA;63;Agriculture;;;Goal Inc.;;;0;0;1;2021-01-14 15:26:53.552748
51;;admin;$bcrypt-sha256$2b,12$1gp3Yix11Sg1gGo7Y1mCfu$kgmKmIXq0b2F0zJLzMI9O..ZFEGfyOm;admin@admin.fr;admin;;;;;;;;;1;0;0;2021-01-14 15:32:31.289221
